<keymap version="1" name="IntelliJ copy" parent="$default">
  <action id="Back">
    <keyboard-shortcut first-keystroke="ctrl alt left" />
    <mouse-shortcut keystroke="button4" />
    <keyboard-shortcut first-keystroke="alt f2" />
  </action>
  <action id="EvaluateExpression" />
  <action id="Find">
    <keyboard-shortcut first-keystroke="ctrl f" />
  </action>
  <action id="ForceRunToCursor">
    <keyboard-shortcut first-keystroke="ctrl alt f9" />
    <keyboard-shortcut first-keystroke="alt f1" />
  </action>
  <action id="Forward">
    <keyboard-shortcut first-keystroke="ctrl alt right" />
    <mouse-shortcut keystroke="button5" />
    <keyboard-shortcut first-keystroke="alt f3" />
  </action>
  <action id="ReSharperGotoNextErrorInSolution" />
  <action id="RenameElement">
    <keyboard-shortcut first-keystroke="shift f6" />
    <keyboard-shortcut first-keystroke="alt f8" />
  </action>
  <action id="RiderUnitTestTreeTextFilterAction">
    <keyboard-shortcut first-keystroke="ctrl f" />
  </action>
  <action id="SelectIn" />
  <action id="SpeedSearch">
    <keyboard-shortcut first-keystroke="ctrl f" />
  </action>
  <action id="ToggleBreakpointEnabled">
    <keyboard-shortcut first-keystroke="alt f5" />
  </action>
  <action id="ToggleZenMode">
    <keyboard-shortcut first-keystroke="alt f6" />
  </action>
  <action id="WebOpenInAction" />
</keymap>